<?xml version="1.0" encoding="UTF-8"?>
<!DOCTYPE mapper PUBLIC "-//mybatis.org//DTD Mapper 3.0//EN" "http://mybatis.org/dtd/mybatis-3-mapper.dtd">

<mapper namespace="qna">

    <!-- QNA 리스트 -->
    <select id="selectQnaList" parameterType="hashmap" resultType="hashmap">
        <include refid="common1.pagingPre1"/>
        SELECT
        ROW_NUMBER() OVER (ORDER BY QNA_NO DESC) RNUM,
        QNA_NO,
        QNA_TITLE,
        QNA_NAME,
        TO_CHAR(QNA_DATE, 'YYYY.MM.DD') AS QNA_DATE,
        QNA_LEVEL,
        QNA_PASSWD
        FROM
        QNA
        <include refid="common1.pagingPost1"/>
    </select>


    <!-- 사용자 QNA질문하기 -->
    <!-- 제목 문의유형 글쓴이 이메일 내용-->
    <insert id="insertQna" parameterType="hashmap" useGeneratedKeys="true" keyProperty="QNA_NO">
        INSERT INTO PRODUCT_QNA
            ( QNA_NUM,
            MEMBER_NUM,
            PRODUCT_NUM,
            QNA_TITLE,
            QNA_CONTENT,
            QNA_CREATEDDATE,
            QNA_HIDE)
        VALUES
            ( #{QNA_NUM} ,
            #{MEMBER_NUM} ,
            #{PRODUCT_NUM},
            #{QNA_TITLE},
            #{QNA_CONTENT},
            #{QNA_HIDE})
    </insert>

    <!-- QNA 상세페이지 -->
    <!-- 글제목 작성일 작성자id 글내용 답변(작성일, 답변내용) -->
    <select id="selectQnaDetail" parameterType="hashmap" resultType="hashmap">
        SELECT
            QNA_NUM,
            MEMBER_NUM,
            PRODUCT_NUM,
            QNA_TITLE,
            QNA_CONTENT,
            QNA_CATEGORY,
            TO_CHAR(QNA_CREATEDDATE, 'YYYY.MM.DD') AS QNA_CREATEDDATE,
            QNA_HIDE
        FROM
            PRODUCT_QNA
        WHERE
            QNA_NUM = #{QNA_NUM}
    </select>

    <!-- QNA 비밀번호확인 -->
    <select id="QnaPass" parameterType="hashmap" resultType="hashmap">
        SELECT
            QNA_NO,
            QNA_PASSWD
        FROM
            PRODUCT_QNA
        WHERE
            QNA_NO = #{QNA_NO}
    </select>


    <!-- 답변수정 -->
    <update id="updateQna" parameterType="hashmap">
        UPDATE PRODUCT_QNA
        SET
            QNA_AN = #{QNA_AN},
            QNA_LEVEL = 1
        WHERE
            QNA_NO = #{QNA_NO}
    </update>

    <!-- 답변삭제 -->
    <delete id="deleteQna" parameterType="hashmap">
		<![CDATA[
        DELETE FROM PRODUCT_QNA
        WHERE
            QNA_NO = #{QNA_NO}
        ]]>
	</delete>

    <select id="selectQnaPassword" parameterType="hashmap" resultType="hashmap">
        SELECT qna_passwd FROM PRODUCT_QNA
        WHERE qna_no=#{QNA_NO}
    </select>

</mapper>