<?xml version="1.0" encoding="UTF-8"?>
<!DOCTYPE mapper PUBLIC "-//mybatis.org//DTD Mapper 3.0//EN" "http://mybatis.org/dtd/mybatis-3-mapper.dtd">

<mapper namespace="cart">

    <!-- 장바구니 리스트 검색 -->
    <select id="cartList" parameterType="hashmap" resultType="hashmap">
		<![CDATA[
        SELECT DISTINCT
            CART_NUM,
            MEMBER_NUM,
            PRODUCT_NUM,
            CART_QUANTITY,
			TO_CHAR(CART_REGDATE, 'YYYY/MM/DD') CART_REGDATE
        FROM
            CART
        WHERE
            MEMBER_NUM= #{MEMBER_NO}
        ]]>
	</select>

    <!-- 장바구니 제품 수량수정 -->
    <update id="cartModify" parameterType="hashmap">
		<![CDATA[
        UPDATE CART
        SET
            CART_QUANTITY = ${CART_QUANTITY}
        WHERE
            CART_NUM = ${CART_NUM}
        ]]>
	</update>

    <!-- 해당 제품 장바구니 삭제 -->
    <delete id="cartDelete" parameterType="hashmap">
		<![CDATA[
        DELETE FROM CART
        WHERE CART_NUM = ${CART_NUM}
        ]]>
	</delete>

    <!-- 해당 회원의 장바구니 제품 전체삭제 -->
    <delete id="cartClear" parameterType="hashmap">
		<![CDATA[
        DELETE FROM CART
        WHERE MEMBER_NUM = ${MEMBER_NUM}
        ]]>
	</delete>

    <!-- 주문으로 넘어갈 선택제품 리스트 -->
    <select id="cartSelectList" parameterType="hashmap" resultType="hashmap">
		<![CDATA[
        SELECT DISTINCT
            CART_NUM,
            MEMBER_NUM,
            PRODUCT_NUM,
            CART_QUANTITY,
			TO_CHAR(CART_REGDATE, 'YYYY/MM/DD') CART_REGDATE
        FROM
            CART
        WHERE
            MEMBER_NUM = #{MEMBER_NUM}
          AND CART_NUM IN (${SELECT_CART_NUM})

        ]]>
	</select>

    <!-- 주문 후 장바구니 삭제 -->
    <delete id="cartOrderDelete" parameterType="hashmap">
		<![CDATA[
        DELETE FROM CART
        WHERE
            MEMBER_NUM = #{MEMBER_NUM}
          AND BASKET_NUM IN (${BASKET_NUM})
        ]]>
	</delete>


</mapper>