<?xml version="1.0" encoding="UTF-8"?>
<!DOCTYPE mapper PUBLIC "-//mybatis.org//DTD Mapper 3.0//EN" "http://mybatis.org/dtd/mybatis-3-mapper.dtd">

<mapper namespace="order">

    <!-- 주문페이지에 필요한 회원정보 검색 -->
    <select id="orderMemberInfo" parameterType="hashmap" resultType="hashmap">
		<![CDATA[
        SELECT
            MEMBER_ID,
            MEMBER_NAME,
            MEMBER_NICKNAME,
            MEMBER_PASSWD,
            MEMBER_EMAIL,
            MEMBER_RANK,
            TO_CHAR(MEMBER_REGDATE,, 'YYYY/MM/DD') MEMBER_REGDATE,
            TO_CHAR(MEMBER_LASTDATE,, 'YYYY/MM/DD') MEMBER_LASTDATE,
            MEMBER_DELETE,
            MEMBER_VISITCOUNT
        FROM
            MEMBER
        WHERE
            MEMBER_NUM = #{MEMBER_NUM}
        ]]>
	</select>

    <!-- 주문추가 -->
    <insert id="insertOrder" parameterType="hashmap">
        <![CDATA[
			INSERT INTO ORDERS
			(
				MEMBER_NUM,
                ORDER_TOTAL_AMOUNT
			)
			VALUES
			(
				#{MEMBER_NUM},
				0
			)
		]]>
    </insert>

    <!-- 주문상세 추가 -->
    <insert id="insertOrderDetail" parameterType="hashmap">
        <!-- ORDERLIST의 ORDER_NO찾기 -->
        <selectKey keyProperty="ORDER_NUM" resultType="int" order="BEFORE">
            SELECT DISTINCT
            ORDER_NUM
            FROM
            ORDERS
            WHERE
            MEMBER_NUM = #{MEMBER_NUM}
            AND ORDER_NUM = (SELECT MAX(ORDER_NUM) FROM ORDERS)
        </selectKey>
        <![CDATA[
			INSERT INTO ORDER_LIST
			(
				ORDER_NUM,
			    PRODUCT_NUM,
			    LIST_QUANTITY,
			    LIST_PRICE
			)
			VALUES
				#{ORDER_NUM},
			    #{PRODUCT_NUM},
			    #{LIST_QUANTITY},
			    #{LIST_PRICE}
		]]>
    </insert>

    <!-- 주문완료 페이지에 뿌려줄 ORDER_NUM -->
    <select id="selectOrder" parameterType="hashmap" resultType="hashmap">
		<![CDATA[
        SELECT
            MAX(ORDER_NUM) ORDER_NUM
        FROM
            ORDERS
        WHERE
            MEMBER_NUM = #{MEMBER_NUM}
        ]]>
	</select>

    <!-- 주문 상세 정보 -->
    <select id="selectOrderDetail" parameterType="hashmap" resultType="hashmap">
        <![CDATA[
        SELECT
            LIST_NUM,
            ORDER_NUM,
            PRODUCT_NUM,
            LIST_QUANTITY,
            LIST_PRICE
        FROM
            ORDER_LIST
        WHERE
            MEMBER_NUM = #{MEMBER_NUM}
            AND ORDER_NUM = #{ORDER_NUM}
        ]]>
    </select>

    <!-- 주문 정보 수정 -->
    <update id="orderModify" parameterType="hashmap">
		<![CDATA[
        UPDATE ORDER_LIST
        SET
            PRODUCT_NUM = #{PRODUCT_NUM},
            LIST_QUANTITY = #{LIST_QUANTITY},
            LIST_PRICE = #{LIST_PRICE}
        WHERE
            ORDER_NUM = #{ORDER_NO}
        ]]>
	</update>

    <!-- 주문 정보 삭제 -->
    <delete id="orderDelete" parameterType="hashmap">
		<![CDATA[
        DELETE
            ORDER_LIST
        WHERE
            LIST_NUM = #{LIST_NUM}
        ]]>
	</delete>

</mapper>