<?xml version="1.0" encoding="UTF-8"?>
<!DOCTYPE mapper PUBLIC "-//mybatis.org//DTD Mapper 3.0//EN" "http://mybatis.org/dtd/mybatis-3-mapper.dtd">

<mapper namespace="review">
    <!-- 상품 Review 이미지 등록 -->
    <insert id="insertReviewFile" parameterType="hashmap">
        <![CDATA[
			INSERT INTO REVIEW_IMAGE
					(
						REVIEW_IMAGE_NUM,
						PRODUCT_NO,
						REVIEW_IMAGE_ORG,
						REVIEW_IMAGE_STD
					)
			VALUES
					(
						REVIEW_IMAGE_SEQ.NEXTVAL,
						#{IDX},
						'null',
						#{UPLOAD_SAVE_NAME}
					)
		]]>
    </insert>

    <!-- 상품 Review 리스트 -->
    <select id="selectReviewList" parameterType="hashmap" resultType="hashmap">
        <![CDATA[
		SELECT
            REVIEW_NUM,
            MEMBER_NUM,
            PRODUCT_NUM,
            REVIEW_TITLE,
            REVIEW_CONTENT,
            TO_CHAR(REVIEW_REGDATE, 'YYYY.MM.DD') AS REVIEW_REGDATE
		FROM
		    REVIEW
		WHERE
		    PRODUCT_NUM = #{PRODUCT_NUM}
		]]>
    </select>

    <!-- 상품 Review 등록 -->
    <insert id="insertProductReview" parameterType="hashmap">
        <![CDATA[
			INSERT INTO REVIEW(
								MEMBER_NUM,
								PRODUCT_NUM,
			                    REVIEW_TITLE,
                                REVIEW_CONTENT
								)
						values(
								#{MEMBER_NUM},
								#{PRODUCT_NUM},
						        #{REVIEW_TITLE},
                                #{REVIEW_CONTENT}
							   )
		]]>
    </insert>

    <!-- 상품 Review 수정 -->
    <update id="updateReview" parameterType="hashmap">
        <![CDATA[
			UPDATE  REVIEW
			  SET   REVIEW_TITLE = #{REVIEW_TITLE},
			        REVIEW_CONTENT = #{REVIEW_CONTENT}
			WHERE   PRODUCT_NUM = #{PRODUCT_NUM}
			  AND   REVIEW_NUM = #{REVIEW_NUM}
			  AND   MEMBER_NUM = #{MEMBER_NUM}
		]]>
    </update>

    <!-- 상품 Review 삭제(숨김) 만들어놨지만 사용X -->
    <delete id="deleteReview" parameterType="hashmap">
        <![CDATA[
			DELETE REVIEW
			WHERE REVIEW_NUM = #{REVIEW_NUM}
		]]>
    </delete>
</mapper>